Position,Average 25th Ratio
DST,0.4455389423833183
QB,0.6882086503826764
RB,0.33040493156674144
TE,0.18052267052213367
WR,0.27000546263831476
