Position,Average 75th Ratio
DST,1.4004301360967335
QB,1.2607120095184212
RB,1.0897146912148374
TE,0.9238866148655112
WR,1.1064203189415907
