Position,Average 85th Ratio
DST,1.8071411012783014
QB,1.445356261358288
RB,1.6224182011574793
TE,1.2811234323195189
WR,1.5467386081370396
