Position,Average 95th Ratio
DST,2.552322877122852
QB,1.7820938746229698
RB,3.3389188149970734
TE,4.389222766509081
WR,3.4341498075160066
