Position,Average 99th Ratio
DST,3.521263300602333
QB,2.1847499437291176
RB,6.76542810261419
TE,9.537667744393854
WR,6.19216533847305
