Pos,50th_to_proj_ratio
DST,0.8406411442690844
QB,0.9511821333725479
RB,0.5969973757994473
TE,0.4375080130052869
WR,0.5895908976492713
