Position,Correlation
DST,0.8181610900812356
QB,0.9350190575150619
RB,0.9039716460842804
TE,0.9283948243563807
WR,0.9214919913332196
