Position,Correlation
DST,0.5473428854896203
QB,0.8394459883900912
RB,0.7896406094062257
TE,0.7970018558975038
WR,0.7709258195669896
