Position,Correlation
DST,-0.7377654220837582
QB,-0.9260406482588992
RB,-0.07281530950869679
TE,0.4098804062165159
WR,0.21919050975968202
