Position,Correlation
DST,-0.4165717861938217
QB,-0.9202589714105801
RB,0.47051508585162705
TE,0.5502529890439832
WR,0.4906571746281242
