Position,Correlation
DST,-0.8666533549164962
QB,-0.9093954970106977
RB,-0.6301186202251463
TE,-0.7163212561666552
WR,-0.5862966262199102
