Position,Correlation
DST,-0.8499304494092526
QB,-0.946064748277575
RB,-0.7421797220138459
TE,-0.6572351108898515
WR,-0.6037807828068895
